<?xml version="1.0" encoding="ISO-8859-1"?>
<eml:eml xmlns:eml="eml://ecoinformatics.org/eml-2.1.1" xmlns:dc="http://purl.org/dc/terms/" xmlns:xsi="http://www.w3.org/2001/XMLSchema-instance" xsi:schemaLocation="eml://ecoinformatics.org/eml-2.1.1 http://rs.gbif.org/schema/eml-gbif-profile/1.0.1/eml.xsd" packageId="655c9b83-3a01-45bf-8fc7-7145def65e93" system="https://symbiota.org" scope="system" xml:lang="eng"><dataset><alternateIdentifier>https://www.mycoportal.org/portal/collections/misc/collprofiles.php?collid=18</alternateIdentifier><title xml:lang="eng">San Francisco State University, Harry D. Thiers Herbarium</title><creator><organizationName>MyCoPortal </organizationName><electronicMailAddress>help@mycoportal.org</electronicMailAddress><onlineUrl>https://www.mycoportal.org/portal/index.php</onlineUrl></creator><metadataProvider><organizationName>MyCoPortal </organizationName><electronicMailAddress>help@mycoportal.org</electronicMailAddress><onlineUrl>https://www.mycoportal.org/portal/index.php</onlineUrl></metadataProvider><pubDate>2023-01-21</pubDate><language>eng</language><abstract><para>The primary research focus of the Harry D. Thiers Herbarium is mycology. Most of the early collections were made by Harry Thiers and his students, and later by Dennis Desjardin and his students. Specialties include fleshy fungi of North America, Hawai'i, Indonesia, and southeast Asia; California lichens, bryophytes, and flowering plants, with an exceptionally large collection of Arctostaphylos. The herbarium was established in 1959 as the SFSU Herbarium, and was renamed the HDT Herbarium following Harry's retirement in 1989.</para></abstract><contact><organizationName>San Francisco State University, Harry D. Thiers Herbarium</organizationName><electronicMailAddress>ded@sfsu.edu</electronicMailAddress><onlineUrl>http://userwww.sfsu.edu/patters/herbarium/</onlineUrl></contact><associatedParty><individualName><surName>Dennis Desjardin</surName><givenName></givenName></individualName><electronicMailAddress>ded@sfsu.edu</electronicMailAddress><role>contentProvider</role></associatedParty><intellectualRights><para>To the extent possible under law, the publisher has waived all rights to these data and has dedicated them to the <ulink url="http://creativecommons.org/publicdomain/zero/1.0/"><citetitle></citetitle></ulink></para></intellectualRights></dataset><additionalMetadata><metadata><symbiota id=""><dateStamp>2023-01-21T00:30:01-07:00</dateStamp><citation identifier="08bc9e95-a5d8-43b9-9643-68143b3f5939">MyCoPortal  - 08bc9e95-a5d8-43b9-9643-68143b3f5939</citation><physical><characterEncoding>ISO-8859-1</characterEncoding><dataFormat><externallyDefinedFormat><formatName>Darwin Core Archive</formatName></externallyDefinedFormat></dataFormat></physical><collection identifier="6d7928b7-550a-4842-9194-317610d85e74" id="18"><alternateIdentifier>https://www.mycoportal.org/portal/collections/misc/collprofiles.php?collid=18</alternateIdentifier><parentCollectionIdentifier>SFSU</parentCollectionIdentifier><collectionIdentifier></collectionIdentifier><collectionName>San Francisco State University, Harry D. Thiers Herbarium</collectionName><resourceLogoUrl>https://www.mycoportal.org/portal/self/images/collicons/sfsu.jpg</resourceLogoUrl><onlineUrl>http://userwww.sfsu.edu/patters/herbarium/</onlineUrl><intellectualRights>http://creativecommons.org/publicdomain/zero/1.0/</intellectualRights><associatedParty><individualName><surName>Dennis Desjardin</surName><givenName></givenName></individualName><electronicMailAddress>ded@sfsu.edu</electronicMailAddress></associatedParty><abstract><para>The primary research focus of the Harry D. Thiers Herbarium is mycology. Most of the early collections were made by Harry Thiers and his students, and later by Dennis Desjardin and his students. Specialties include fleshy fungi of North America, Hawai'i, Indonesia, and southeast Asia; California lichens, bryophytes, and flowering plants, with an exceptionally large collection of &lt;i&gt;Arctostaphylos&lt;/i&gt;. The herbarium was established in 1959 as the SFSU Herbarium, and was renamed the HDT Herbarium following Harry's retirement in 1989.</para></abstract></collection></symbiota></metadata></additionalMetadata></eml:eml>
