coreid,identifiedBy,identifiedByID,dateIdentified,identificationQualifier,scientificName,tidInterpreted,scientificNameAuthorship,genus,specificEpithet,taxonRank,infraspecificEpithet,identificationReferences,identificationRemarks,recordID,modified
2084170,"C. Calhoun",,unknown,,"Agaricus rodmanii",,Peck,,,,,,,urn:uuid:d827343e-417a-4e8c-91fd-117518a629b8,"2015-01-21 19:23:36"
2160376,"H. D. Thiers",,"5 Mar 1987 [?]",,"Amanita magniverrucata",,"Thiers & Ammirati",,,,,,,urn:uuid:6c77f698-6e31-422a-bc27-ec0d5295f5f8,"2015-01-20 17:22:11"
2160376,"C. Calhoun",,unknown,,"Amanita solitaria",,"(Bull.) Fr.",,,,,,,urn:uuid:02bc3295-5483-4486-afa7-12d45a657408,"2015-01-20 17:22:11"
2162890,"C. Calhoun",,unknown,,"Amanita rubescens",,Pers.,,,,,,,urn:uuid:73096a5e-66b2-4222-a41e-e19dfabb3f3e,"2015-01-20 17:06:06"
2162900,"C. Calhoun",,unknown,,"Amanita rubescens",,Pers.,,,,,,,urn:uuid:a56d339c-7e8b-41b8-9a30-8560440e08a0,"2015-01-20 17:07:11"
2162944,"C. Calhoun",,unknwon,,"Amanita rubescens",,Pers.,,,,,,,urn:uuid:91f83376-581e-46fa-8202-336f6df8169a,"2015-01-20 16:56:39"
2390592,"E.C. Vellinga",,"4 Nov. 2014",,"Lepiota castanescens",,Murrill,,,,,,,urn:uuid:dabf4d98-439e-4ba2-8c38-a5c3aba1835a,"2014-11-04 14:53:30"
2390592,"C. Calhoun",,unknown,,"Lepiota carmineobasidia",,,,,,,,,urn:uuid:d32573af-974f-46db-90d2-789a0e033b97,"2014-11-04 14:53:31"
2392061,"E.C. Vellinga",,"4 Nov. 2014",,"Lepiota castanescens",,Murrill,,,,,,,urn:uuid:59eb78d8-8486-4982-a22a-5c6fb2365f69,"2014-11-04 14:56:31"
2392061,unknown,,unknown,,"Lepiota carmineobasidia",,,,,,,,,urn:uuid:5a6c8909-16a5-4184-83ed-e2ae1b639681,"2014-11-04 14:56:31"
2392064,"E.C. Vellinga",,"4 Nov. 2014",,"Lepiota castanescens",,Murrill,,,,,,,urn:uuid:08a9642e-8394-4d92-8953-70e7c204457d,"2014-11-04 14:57:40"
2392064,unknown,,unknown,,"Lepiota carmineobasidia",,,,,,,,,urn:uuid:051d580a-dce9-43be-a5fa-c10049c70cf4,"2014-11-04 14:57:40"
